Jane1;Doe;27
Jane2;Doe;27
Jane3;Doe;27
Jane4;Doe;27
Jane5;Doe;27
Jane6;Doe;27
Jane7;Doe;27
Jane8;Doe;27
Jane9;Doe;27
Jane10;Doe;27
Jane11;Doe;27
Jane12;Doe;27
Jane13;Doe;27
Jane14;Doe;27
Jane15;Doe;27
Jane16;Doe;27
Jane17;Doe;27
Jane18;Doe;27
Jane19;Doe;27
Jane20;Doe;27
Jane21;Doe;27
Jane22;Doe;27
Jane23;Doe;27
Jane24;Doe;27
Jane25;Doe;27
Jane26;Doe;27
Jane27;Doe;27
Jane28;Doe;27
Jane29;Doe;27
Jane30;Doe;27
Jane31;Doe;27
Jane32;Doe;27
Jane33;Doe;27
Jane34;Doe;27
Jane35;Doe;27
Jane36;Doe;27
Jane37;Doe;27
Jane38;Doe;27
Jane39;Doe;27
Jane40;Doe;27
Jane41;Doe;27
Jane42;Doe;27
Jane43;Doe;27
Jane44;Doe;27
Jane45;Doe;27
Jane46;Doe;27
Jane47;Doe;27
Jane48;Doe;27
Jane49;Doe;27
Jane50;Doe;27
Jane51;Doe;27
Jane52;Doe;27
Jane53;Doe;27
Jane54;Doe;27
Jane55;Doe;27
Jane56;Doe;27
Jane57;Doe;27
Jane58;Doe;27
Jane59;Doe;27
Jane60;Doe;27
Jane61;Doe;27
Jane62;Doe;27
Jane63;Doe;27
Jane64;Doe;27
Jane65;Doe;27
Jane66;Doe;27
Jane67;Doe;27
Jane68;Doe;27
Jane69;Doe;27
Jane70;Doe;27
Jane71;Doe;27
Jane72;Doe;27
Jane73;Doe;27
Jane74;Doe;27
Jane75;Doe;27
Jane76;Doe;27
Jane77;Doe;27
Jane78;Doe;27
Jane79;Doe;27
Jane80;Doe;27
Jane81;Doe;27
Jane82;Doe;27
Jane83;Doe;27
Jane84;Doe;27
Jane85;Doe;27
Jane86;Doe;27
Jane87;Doe;27
Jane88;Doe;27
Jane89;Doe;27
Jane90;Doe;27
Jane91;Doe;27
Jane92;Doe;27
Jane93;Doe;27
Jane94;Doe;27
Jane95;Doe;27
Jane96;Doe;27
Jane97;Doe;27
Jane98;Doe;27
Jane99;Doe;27
Jane100;Doe;27
Jane101;Doe;27
Jane102;Doe;27
Jane103;Doe;27
Jane104;Doe;27
Jane105;Doe;27
Jane106;Doe;27
Jane107;Doe;27
Jane108;Doe;27
Jane109;Doe;27
Jane110;Doe;27
Jane111;Doe;27
Jane112;Doe;27
Jane113;Doe;27
Jane114;Doe;27
Jane115;Doe;27
Jane116;Doe;27
Jane117;Doe;27
Jane118;Doe;27
Jane119;Doe;27
Jane120;Doe;27
Jane121;Doe;27
Jane122;Doe;27
Jane123;Doe;27
Jane124;Doe;27
Jane125;Doe;27
Jane126;Doe;27
Jane127;Doe;27
Jane128;Doe;27
Jane129;Doe;27
Jane130;Doe;27
Jane131;Doe;27
Jane132;Doe;27
Jane133;Doe;27
Jane134;Doe;27
Jane135;Doe;27
Jane136;Doe;27
Jane137;Doe;27
Jane138;Doe;27
Jane139;Doe;27
Jane140;Doe;27
Jane141;Doe;27
Jane142;Doe;27
Jane143;Doe;27
Jane144;Doe;27
Jane145;Doe;27
Jane146;Doe;27
Jane147;Doe;27
Jane148;Doe;27
Jane149;Doe;27
Jane150;Doe;27
Jane151;Doe;27
Jane152;Doe;27
Jane153;Doe;27
Jane154;Doe;27
Jane155;Doe;27
Jane156;Doe;27
Jane157;Doe;27
Jane158;Doe;27
Jane159;Doe;27
Jane160;Doe;27
Jane161;Doe;27
Jane162;Doe;27
Jane163;Doe;27
Jane164;Doe;27
Jane165;Doe;27
Jane166;Doe;27
Jane167;Doe;27
Jane168;Doe;27
Jane169;Doe;27
Jane170;Doe;27
Jane171;Doe;27
Jane172;Doe;27
Jane173;Doe;27
Jane174;Doe;27
Jane175;Doe;27
Jane176;Doe;27
Jane177;Doe;27
Jane178;Doe;27
Jane179;Doe;27
Jane180;Doe;27
Jane181;Doe;27
Jane182;Doe;27
Jane183;Doe;27
Jane184;Doe;27
Jane185;Doe;27
Jane186;Doe;27
Jane187;Doe;27
Jane188;Doe;27
Jane189;Doe;27
Jane190;Doe;27
Jane191;Doe;27
Jane192;Doe;27
Jane193;Doe;27
Jane194;Doe;27
Jane195;Doe;27
Jane196;Doe;27
Jane197;Doe;27
Jane198;Doe;27
Jane199;Doe;27
Jane200;Doe;27
