Jane1;Doe4;27
Jane2;Doe4;27
Jane3;Doe4;27
Jane4;Doe4;27
Jane5;Doe4;27
Jane6;Doe4;27
Jane7;Doe4;27
Jane8;Doe4;27
Jane9;Doe4;27
Jane10;Doe4;27
Jane11;Doe4;27
Jane12;Doe4;27
Jane13;Doe4;27
Jane14;Doe4;27
Jane15;Doe4;27
Jane16;Doe4;27
Jane17;Doe4;27
Jane18;Doe4;27
Jane19;Doe4;27
Jane20;Doe4;27
Jane21;Doe4;27
Jane22;Doe4;27
Jane23;Doe4;27
Jane24;Doe4;27
Jane25;Doe4;27
Jane26;Doe4;27
Jane27;Doe4;27
Jane28;Doe4;27
Jane29;Doe4;27
Jane30;Doe4;27
Jane31;Doe4;27
Jane32;Doe4;27
Jane33;Doe4;27
Jane34;Doe4;27
Jane35;Doe4;27
Jane36;Doe4;27
Jane37;Doe4;27
Jane38;Doe4;27
Jane39;Doe4;27
Jane40;Doe4;27
Jane41;Doe4;27
Jane42;Doe4;27
Jane43;Doe4;27
Jane44;Doe4;27
Jane45;Doe4;27
Jane46;Doe4;27
Jane47;Doe4;27
Jane48;Doe4;27
Jane49;Doe4;27
Jane50;Doe4;27
Jane51;Doe4;27
Jane52;Doe4;27
Jane53;Doe4;27
Jane54;Doe4;27
Jane55;Doe4;27
Jane56;Doe4;27
Jane57;Doe4;27
Jane58;Doe4;27
Jane59;Doe4;27
Jane60;Doe4;27
Jane61;Doe4;27
Jane62;Doe4;27
Jane63;Doe4;27
Jane64;Doe4;27
Jane65;Doe4;27
Jane66;Doe4;27
Jane67;Doe4;27
Jane68;Doe4;27
Jane69;Doe4;27
Jane70;Doe4;27
Jane71;Doe4;27
Jane72;Doe4;27
Jane73;Doe4;27
Jane74;Doe4;27
Jane75;Doe4;27
Jane76;Doe4;27
Jane77;Doe4;27
Jane78;Doe4;27
Jane79;Doe4;27
Jane80;Doe4;27
Jane81;Doe4;27
Jane82;Doe4;27
Jane83;Doe4;27
Jane84;Doe4;27
Jane85;Doe4;27
Jane86;Doe4;27
Jane87;Doe4;27
Jane88;Doe4;27
Jane89;Doe4;27
Jane90;Doe4;27
Jane91;Doe4;27
Jane92;Doe4;27
Jane93;Doe4;27
Jane94;Doe4;27
Jane95;Doe4;27
Jane96;Doe4;27
Jane97;Doe4;27
Jane98;Doe4;27
Jane99;Doe4;27
Jane100;Doe4;27
Jane101;Doe4;27
Jane102;Doe4;27
Jane103;Doe4;27
Jane104;Doe4;27
Jane105;Doe4;27
Jane106;Doe4;27
Jane107;Doe4;27
Jane108;Doe4;27
Jane109;Doe4;27
Jane110;Doe4;27
Jane111;Doe4;27
Jane112;Doe4;27
Jane113;Doe4;27
Jane114;Doe4;27
Jane115;Doe4;27
Jane116;Doe4;27
Jane117;Doe4;27
Jane118;Doe4;27
Jane119;Doe4;27
Jane120;Doe4;27
Jane121;Doe4;27
Jane122;Doe4;27
Jane123;Doe4;27
Jane124;Doe4;27
Jane125;Doe4;27
Jane126;Doe4;27
Jane127;Doe4;27
Jane128;Doe4;27
Jane129;Doe4;27
Jane130;Doe4;27
Jane131;Doe4;27
Jane132;Doe4;27
Jane133;Doe4;27
Jane134;Doe4;27
Jane135;Doe4;27
Jane136;Doe4;27
Jane137;Doe4;27
Jane138;Doe4;27
Jane139;Doe4;27
Jane140;Doe4;27
Jane141;Doe4;27
Jane142;Doe4;27
Jane143;Doe4;27
Jane144;Doe4;27
Jane145;Doe4;27
Jane146;Doe4;27
Jane147;Doe4;27
Jane148;Doe4;27
Jane149;Doe4;27
Jane150;Doe4;27
Jane151;Doe4;27
Jane152;Doe4;27
Jane153;Doe4;27
Jane154;Doe4;27
Jane155;Doe4;27
Jane156;Doe4;27
Jane157;Doe4;27
Jane158;Doe4;27
Jane159;Doe4;27
Jane160;Doe4;27
Jane161;Doe4;27
Jane162;Doe4;27
Jane163;Doe4;27
Jane164;Doe4;27
Jane165;Doe4;27
Jane166;Doe4;27
Jane167;Doe4;27
Jane168;Doe4;27
Jane169;Doe4;27
Jane170;Doe4;27
Jane171;Doe4;27
Jane172;Doe4;27
Jane173;Doe4;27
Jane174;Doe4;27
Jane175;Doe4;27
Jane176;Doe4;27
Jane177;Doe4;27
Jane178;Doe4;27
Jane179;Doe4;27
Jane180;Doe4;27
Jane181;Doe4;27
Jane182;Doe4;27
Jane183;Doe4;27
Jane184;Doe4;27
Jane185;Doe4;27
Jane186;Doe4;27
Jane187;Doe4;27
Jane188;Doe4;27
Jane189;Doe4;27
Jane190;Doe4;27
Jane191;Doe4;27
Jane192;Doe4;27
Jane193;Doe4;27
Jane194;Doe4;27
Jane195;Doe4;27
Jane196;Doe4;27
Jane197;Doe4;27
Jane198;Doe4;27
Jane199;Doe4;27
Jane200;Doe4;27
